{"name":"Main Scene","created":"2015-09-30T09:01:59.840Z","settings":{"priority_scripts":[],"physics":{"gravity":[0,-9.8,0]},"render":{"fog_end":1000,"fog_start":1,"global_ambient":[0.8627450980392157,0.8627450980392157,0.8627450980392157],"tonemapping":0,"fog_color":[0,0,0],"fog":"none","skybox":null,"fog_density":0.01,"gamma_correction":1,"exposure":3.13,"lightmapSizeMultiplier":16,"lightmapMaxResolution":2048,"lightmapMode":0,"skyboxIntensity":1,"skyboxMip":0,"skyboxRotation":[0,0,0],"lightmapFilterEnabled":false,"lightmapFilterRange":10,"lightmapFilterSmoothness":0.2,"ambientBake":false,"ambientBakeNumSamples":1,"ambientBakeSpherePart":0.4,"ambientBakeOcclusionBrightness":0,"ambientBakeOcclusionContrast":0,"clusteredLightingEnabled":true,"lightingCells":[10,3,10],"lightingMaxLightsPerCell":255,"lightingCookieAtlasResolution":2048,"lightingShadowAtlasResolution":2048,"lightingShadowType":0,"lightingCookiesEnabled":false,"lightingAreaLightsEnabled":false,"lightingShadowsEnabled":true}},"entities":{"e8ae4254-6751-11e5-bd2a-8438356164ca":{"scale":[1,1,1],"name":"scene","parent":null,"resource_id":"e8ae4254-6751-11e5-bd2a-8438356164ca","labels":[],"enabled":true,"components":{"pack":{},"sound":{"enabled":true,"volume":1,"pitch":1,"positional":true,"refDistance":1,"maxDistance":10000,"rollOffFactor":1,"distanceModel":"linear","slots":{"1":{"name":"click","loop":false,"autoPlay":false,"overlap":false,"asset":117581978,"startTime":0,"duration":null,"volume":1,"pitch":1}}}},"position":[0,0,0],"rotation":[0,0,0],"children":["e8ae4acf-6751-11e5-8a1b-8438356164ca","3a8dc796-6f35-4c63-91fa-b3320a7d20a7","aec39afd-efdc-4115-9609-0dbf172df653","3842a179-0d97-483d-92c6-346d44bc9d8e","752b5061-d821-4e07-92f1-6993544c9cb0","f8f1b20c-5481-4555-9e7d-bd9ebe733d6a","fb22cffb-8311-4c36-aaef-ac2506bb520c"],"template":null,"tags":[]},"e8ae4acf-6751-11e5-8a1b-8438356164ca":{"scale":[1,1,1],"name":"camera","parent":"e8ae4254-6751-11e5-bd2a-8438356164ca","resource_id":"e8ae4acf-6751-11e5-8a1b-8438356164ca","labels":[],"enabled":true,"components":{"camera":{"orthoHeight":100,"offscreen":false,"clearDepthBuffer":true,"projection":0,"clearColor":[0,0,0,0],"enabled":true,"fov":45,"priority":0,"farClip":1000,"nearClip":0.3,"rect":[0,0,1,1],"clearColorBuffer":true,"frustumCulling":false,"layers":[0,1,2,3,4]},"script":{"enabled":true,"order":["deviceMotionCamera","cameraBackground"],"scripts":{"deviceMotionCamera":{"enabled":true,"attributes":{"startEvent":"startEvent","adjustHeading":false,"trackAcceleration":false}},"cameraBackground":{"enabled":true,"attributes":{"permissionEvent":"startEvent"}}}}},"position":[-16,4.506434230469064,16],"rotation":[0,0,0],"children":["6fcf39f9-c208-4c76-8bc8-0d738dc7cd31"],"template":null,"tags":[]},"3a8dc796-6f35-4c63-91fa-b3320a7d20a7":{"name":"LEVEL","tags":[],"enabled":true,"resource_id":"3a8dc796-6f35-4c63-91fa-b3320a7d20a7","parent":"e8ae4254-6751-11e5-bd2a-8438356164ca","children":[],"position":[0,0,0],"rotation":[0,0,0],"scale":[1,1,1],"components":{"script":{"enabled":true,"order":["levelLoader"],"scripts":{"levelLoader":{"enabled":true,"attributes":{"next_level_Event":"next_level_Event","restart_Event":"restart_Event","previous_level_Event":"previous_level_Event"}}}}}},"b4a0f85c-285f-4cf8-b6d2-acbc7e7afe92":{"enabled":false,"tags":[],"children":["85db06b4-216e-497e-ad4b-fd12f46a4e76"],"position":[-0.0010623931884765625,-0.311,0.605],"rotation":[27.500000797969054,0,0],"scale":[0.001,0.001,0.001],"resource_id":"b4a0f85c-285f-4cf8-b6d2-acbc7e7afe92","name":"Pin","components":{"script":{"enabled":true,"order":["touch","shotHandler"],"scripts":{"touch":{"enabled":true,"attributes":{}},"shotHandler":{"enabled":true,"attributes":{}}}},"sound":{"enabled":true,"volume":1,"pitch":1,"positional":false,"refDistance":1,"maxDistance":10000,"rollOffFactor":1,"distanceModel":"linear","slots":{"1":{"name":"pop","loop":false,"autoPlay":false,"overlap":true,"asset":117581947,"startTime":0,"duration":null,"volume":1,"pitch":1},"2":{"name":"stuck","loop":false,"autoPlay":false,"overlap":false,"asset":117581964,"startTime":0,"duration":null,"volume":1,"pitch":1},"3":{"name":"bounce","loop":false,"autoPlay":false,"overlap":false,"asset":117581965,"startTime":0,"duration":null,"volume":1,"pitch":1},"4":{"name":"break","loop":false,"autoPlay":false,"overlap":false,"asset":117581966,"startTime":0,"duration":null,"volume":1,"pitch":1},"5":{"name":"shoot","loop":false,"autoPlay":false,"overlap":false,"asset":117581968,"startTime":0,"duration":null,"volume":1,"pitch":1}}}},"parent":"6fcf39f9-c208-4c76-8bc8-0d738dc7cd31"},"85db06b4-216e-497e-ad4b-fd12f46a4e76":{"enabled":true,"tags":[],"children":[],"position":[0,0,0],"rotation":[0,0,0],"scale":[100,100,46.2626],"resource_id":"85db06b4-216e-497e-ad4b-fd12f46a4e76","name":"Pin","components":{"render":{"enabled":true,"type":"asset","asset":117581851,"materialAssets":[117581849],"layers":[0],"batchGroupId":null,"castShadows":true,"castShadowsLightmap":true,"receiveShadows":true,"lightmapped":false,"lightmapSizeMultiplier":1,"castShadowsLightMap":true,"lightMapped":false,"lightMapSizeMultiplier":1,"isStatic":false,"rootBone":null}},"parent":"b4a0f85c-285f-4cf8-b6d2-acbc7e7afe92"},"6fcf39f9-c208-4c76-8bc8-0d738dc7cd31":{"name":"Pin_Hitbox","tags":[],"enabled":true,"resource_id":"6fcf39f9-c208-4c76-8bc8-0d738dc7cd31","parent":"e8ae4acf-6751-11e5-8a1b-8438356164ca","children":["b4a0f85c-285f-4cf8-b6d2-acbc7e7afe92"],"position":[0,0.17328119277954102,-2.7591915130615234],"rotation":[0,0,0],"scale":[1,1,1],"components":{"collision":{"enabled":true,"type":"box","halfExtents":[0.02,0.02,0.02],"radius":0.5,"axis":1,"height":2,"asset":null,"renderAsset":null},"rigidbody":{"enabled":true,"type":"kinematic","mass":1,"linearDamping":0,"angularDamping":0,"linearFactor":[1,1,1],"angularFactor":[1,1,1],"friction":0.5,"restitution":0.5}}},"de02513c-0bab-473e-b124-c5f9409236d2":{"name":"balloons_popped","tags":[],"enabled":true,"resource_id":"de02513c-0bab-473e-b124-c5f9409236d2","parent":"e9fc73e3-675b-4d40-9f44-a351a18f56e0","children":[],"position":[156.802,-211.319,17.041],"rotation":[0,0,0],"scale":[2,2,2],"components":{"element":{"enabled":true,"type":"text","anchor":[0,0.5,0,0.5],"pivot":[0.5,0.5],"text":"0","key":null,"fontAsset":117581892,"fontSize":36,"minFontSize":8,"maxFontSize":32,"autoFitWidth":false,"autoFitHeight":false,"maxLines":null,"lineHeight":36,"wrapLines":false,"spacing":1,"color":[0.8274509803921568,0.8509803921568627,0.9019607843137255],"opacity":1,"textureAsset":null,"spriteAsset":null,"spriteFrame":0,"pixelsPerUnit":null,"width":32,"height":32,"margin":[140.802,-227.319,-172.802,195.319],"alignment":[0.5,0.5],"outlineColor":[0.34509803921568627,0.3764705882352941,0.596078431372549,1],"outlineThickness":0.773,"shadowColor":[0,0,0,1],"shadowOffset":[0,0],"rect":[0,0,1,1],"materialAsset":null,"autoWidth":false,"autoHeight":false,"fitMode":"stretch","useInput":false,"batchGroupId":null,"mask":false,"layers":[4],"enableMarkup":false}}},"27883534-348f-4deb-a312-fdf2a82d190c":{"name":"pins_used","tags":[],"enabled":true,"resource_id":"27883534-348f-4deb-a312-fdf2a82d190c","parent":"261c1374-18de-4e8f-b23a-ef55a8ff63af","children":[],"position":[93.48549862529035,-183.8393381876383,13.158985311674769],"rotation":[0,0,0],"scale":[1.3,1.3,1.3],"components":{"element":{"enabled":true,"type":"text","anchor":[0,0.5,0,0.5],"pivot":[0.5,0.5],"text":"15","key":null,"fontAsset":117581892,"fontSize":36,"minFontSize":8,"maxFontSize":32,"autoFitWidth":false,"autoFitHeight":false,"maxLines":null,"lineHeight":36,"wrapLines":false,"spacing":1,"color":[0.9019607843137255,0.8274509803921568,0.8274509803921568],"opacity":1,"textureAsset":null,"spriteAsset":null,"spriteFrame":0,"pixelsPerUnit":null,"width":32,"height":32,"margin":[77.485,-199.839,-109.485,167.839],"alignment":[0.5,0.5],"outlineColor":[0.6392156862745098,0.24705882352941178,0.24705882352941178,1],"outlineThickness":0.773,"shadowColor":[0,0,0,1],"shadowOffset":[0,0],"rect":[0,0,1,1],"materialAsset":null,"autoWidth":false,"autoHeight":false,"fitMode":"stretch","useInput":false,"batchGroupId":null,"mask":false,"layers":[4],"enableMarkup":false}}},"3842a179-0d97-483d-92c6-346d44bc9d8e":{"name":"UI MENU","tags":[],"enabled":false,"resource_id":"3842a179-0d97-483d-92c6-346d44bc9d8e","parent":"e8ae4254-6751-11e5-bd2a-8438356164ca","children":["2fc5c1d0-9cb2-4559-9d60-7c1ac3899092","0bb344d1-d218-4c18-bc90-ec525a0e1913","b6db92b7-e35c-4a75-bfc8-d47b0737fb4e","fa9480a6-4914-4226-b304-eb31bce7220e","af59e132-be09-448b-a119-6ad9c348ed51","5638dee3-676b-4ef8-85b1-07342bcb0440","94452b6f-8591-4c5e-9d3d-ba30ddd38dc5","30df13cf-e322-4ba0-a8dc-2c7ad30d5468","7df56404-edcc-4c37-b66b-d1313296ce15","61b3bb6b-cce3-4c0d-9806-b69d89dbbd56","cd1a874f-cb96-4830-94b0-9bc6f1498706","8b2b8b7e-63d8-4cc1-9052-644928d96a80","c6a59db7-042c-44ee-95fa-bcddca668298","52063cc2-398e-4540-97a1-cb2230bc9e33"],"position":[-0.7335952520370483,4.277,-7.734858989715576],"rotation":[0,0,0],"scale":[1,1,1],"components":{"screen":{"enabled":true,"screenSpace":true,"scaleMode":"blend","scaleBlend":0.5,"resolution":[1280,720],"referenceResolution":[1280,720],"priority":0},"script":{"enabled":true,"order":[],"scripts":{}}}},"fa9480a6-4914-4226-b304-eb31bce7220e":{"name":"restart_button","tags":[],"enabled":true,"resource_id":"fa9480a6-4914-4226-b304-eb31bce7220e","parent":"3842a179-0d97-483d-92c6-346d44bc9d8e","children":[],"position":[-1.1569999910807383,317.326927731262,0.0000019073486328125],"rotation":[0,0,0],"scale":[3.3701562403350165,3.0816998464771843,3],"components":{"element":{"enabled":true,"type":"image","anchor":[0.5,0.5,0.5,0.5],"pivot":[0.5,0.5],"text":"TRY AGAIN","key":null,"fontAsset":117581892,"fontSize":20,"minFontSize":8,"maxFontSize":32,"autoFitWidth":false,"autoFitHeight":false,"maxLines":null,"lineHeight":32,"wrapLines":false,"spacing":1,"color":[0.8274509803921568,0.8509803921568627,0.9019607843137255],"opacity":1,"textureAsset":117581974,"spriteAsset":null,"spriteFrame":0,"pixelsPerUnit":null,"width":32,"height":32,"margin":[-17.157,301.327,-14.843,-333.327],"alignment":[0.5,0.5],"outlineColor":[0.2823529411764706,0.30980392156862746,0.43137254901960786,1],"outlineThickness":0,"shadowColor":[0,0,0,1],"shadowOffset":[0,0],"rect":[0,0,1,1],"materialAsset":null,"autoWidth":false,"autoHeight":false,"fitMode":"stretch","useInput":true,"batchGroupId":null,"mask":false,"layers":[4],"enableMarkup":true},"button":{"enabled":true,"active":true,"imageEntity":null,"hitPadding":[0,0,0,0],"transitionMode":0,"hoverTint":[1,1,1,1],"pressedTint":[1,1,1,1],"inactiveTint":[1,1,1,1],"fadeDuration":0,"hoverSpriteAsset":null,"hoverSpriteFrame":0,"pressedSpriteAsset":null,"pressedSpriteFrame":0,"inactiveSpriteAsset":null,"inactiveSpriteFrame":0,"hoverTextureAsset":null,"pressedTextureAsset":null,"inactiveTextureAsset":null},"script":{"enabled":true,"order":["buttonClick"],"scripts":{"buttonClick":{"enabled":true,"attributes":{"initEvent":"restart_Event"}}}}}},"5638dee3-676b-4ef8-85b1-07342bcb0440":{"name":"next_button","tags":[],"enabled":true,"resource_id":"5638dee3-676b-4ef8-85b1-07342bcb0440","parent":"3842a179-0d97-483d-92c6-346d44bc9d8e","children":[],"position":[126.20413627087851,235.05399894714355,0.0000019073486328125],"rotation":[0,0,0],"scale":[2.7523688021716652,3.187,3.087359272655471],"components":{"element":{"enabled":true,"type":"image","anchor":[0.5,0.5,0.5,0.5],"pivot":[0.5,0.5],"text":"NEXT","key":null,"fontAsset":117581892,"fontSize":20,"minFontSize":8,"maxFontSize":32,"autoFitWidth":false,"autoFitHeight":false,"maxLines":null,"lineHeight":32,"wrapLines":false,"spacing":1,"color":[0.8274509803921568,0.8509803921568627,0.9019607843137255],"opacity":1,"textureAsset":117581976,"spriteAsset":null,"spriteFrame":0,"pixelsPerUnit":null,"width":42,"height":42,"margin":[105.204,214.054,-147.204,-256.054],"alignment":[0.5,0.5],"outlineColor":[0.2823529411764706,0.30980392156862746,0.43137254901960786,1],"outlineThickness":0,"shadowColor":[0,0,0,1],"shadowOffset":[0,0],"rect":[0,0,1,1],"materialAsset":null,"autoWidth":false,"autoHeight":false,"fitMode":"stretch","useInput":true,"batchGroupId":null,"mask":false,"layers":[4],"enableMarkup":true},"button":{"enabled":true,"active":true,"imageEntity":null,"hitPadding":[0,0,0,0],"transitionMode":0,"hoverTint":[1,1,1,1],"pressedTint":[1,1,1,1],"inactiveTint":[1,1,1,1],"fadeDuration":0,"hoverSpriteAsset":null,"hoverSpriteFrame":0,"pressedSpriteAsset":null,"pressedSpriteFrame":0,"inactiveSpriteAsset":null,"inactiveSpriteFrame":0,"hoverTextureAsset":null,"pressedTextureAsset":null,"inactiveTextureAsset":null},"script":{"enabled":true,"order":["buttonClick"],"scripts":{"buttonClick":{"enabled":true,"attributes":{"initEvent":"next_level_Event"}}}}}},"2fc5c1d0-9cb2-4559-9d60-7c1ac3899092":{"name":"Background1","tags":[],"enabled":true,"resource_id":"2fc5c1d0-9cb2-4559-9d60-7c1ac3899092","parent":"3842a179-0d97-483d-92c6-346d44bc9d8e","children":[],"position":[-0.000002133872840204276,275.95345084076075,0.0000019073486328125],"rotation":[0,0,0],"scale":[13.907295171217488,7.060669270479572,0],"components":{"element":{"enabled":true,"type":"image","anchor":[0.5,0.5,0.5,0.5],"pivot":[0.5,0.5],"text":"              ","key":null,"fontAsset":117581892,"fontSize":32,"minFontSize":8,"maxFontSize":32,"autoFitWidth":false,"autoFitHeight":false,"maxLines":null,"lineHeight":32,"wrapLines":false,"spacing":1,"color":[0.3058823529411765,0.34509803921568627,0.5411764705882353],"opacity":1,"textureAsset":null,"spriteAsset":null,"spriteFrame":0,"pixelsPerUnit":null,"width":32,"height":32,"margin":[-16,259.953,-16,-291.953],"alignment":[0.5,0.5],"outlineColor":[0,0,0,1],"outlineThickness":0,"shadowColor":[0,0,0,1],"shadowOffset":[0,0],"rect":[0,0,1,1],"materialAsset":null,"autoWidth":false,"autoHeight":false,"fitMode":"stretch","useInput":false,"batchGroupId":null,"mask":false,"layers":[4],"enableMarkup":false}}},"0bb344d1-d218-4c18-bc90-ec525a0e1913":{"name":"Background2","tags":[],"enabled":true,"resource_id":"0bb344d1-d218-4c18-bc90-ec525a0e1913","parent":"3842a179-0d97-483d-92c6-346d44bc9d8e","children":[],"position":[-0.000002133872840204276,275.95345084076075,0.0000019073486328125],"rotation":[0,0,0],"scale":[13.308410590743865,6.3800923953776,0],"components":{"element":{"enabled":true,"type":"image","anchor":[0.5,0.5,0.5,0.5],"pivot":[0.5,0.5],"text":"              ","key":null,"fontAsset":117581892,"fontSize":32,"minFontSize":8,"maxFontSize":32,"autoFitWidth":false,"autoFitHeight":false,"maxLines":null,"lineHeight":32,"wrapLines":false,"spacing":1,"color":[0.39215686274509803,0.4470588235294118,0.6941176470588235],"opacity":1,"textureAsset":null,"spriteAsset":null,"spriteFrame":0,"pixelsPerUnit":null,"width":32,"height":32,"margin":[-16,259.953,-16,-291.953],"alignment":[0.5,0.5],"outlineColor":[0,0,0,1],"outlineThickness":0,"shadowColor":[0,0,0,1],"shadowOffset":[0,0],"rect":[0,0,1,1],"materialAsset":null,"autoWidth":false,"autoHeight":false,"fitMode":"stretch","useInput":false,"batchGroupId":null,"mask":false,"layers":[4],"enableMarkup":false}}},"61b3bb6b-cce3-4c0d-9806-b69d89dbbd56":{"name":"STAR1","tags":[],"enabled":false,"resource_id":"61b3bb6b-cce3-4c0d-9806-b69d89dbbd56","parent":"3842a179-0d97-483d-92c6-346d44bc9d8e","children":[],"position":[-191.28701242775423,484.9534660995498,0.0000019073486328125],"rotation":[0,0,0],"scale":[1,1,1],"components":{"element":{"enabled":true,"type":"image","anchor":[0.5,0.5,0.5,0.5],"pivot":[0.5,0.5],"text":"","key":null,"fontAsset":117581892,"fontSize":32,"minFontSize":8,"maxFontSize":32,"autoFitWidth":false,"autoFitHeight":false,"maxLines":null,"lineHeight":32,"wrapLines":true,"spacing":1,"color":[1,1,1],"opacity":1,"textureAsset":117581972,"spriteAsset":null,"spriteFrame":0,"pixelsPerUnit":null,"width":256,"height":256,"margin":[-319.287,356.953,63.287,-612.953],"alignment":[0.5,0.5],"outlineColor":[0,0,0,1],"outlineThickness":0,"shadowColor":[0,0,0,1],"shadowOffset":[0,0],"rect":[0,0,1,1],"materialAsset":null,"autoWidth":false,"autoHeight":false,"fitMode":"stretch","useInput":false,"batchGroupId":null,"mask":false,"layers":[4],"enableMarkup":false}}},"8b2b8b7e-63d8-4cc1-9052-644928d96a80":{"name":"STAR2","tags":[],"enabled":false,"resource_id":"8b2b8b7e-63d8-4cc1-9052-644928d96a80","parent":"3842a179-0d97-483d-92c6-346d44bc9d8e","children":[],"position":[-0.269003897255061,511.68247763519435,0.0000019073486328125],"rotation":[0,0,0],"scale":[1,1,1],"components":{"element":{"enabled":true,"type":"image","anchor":[0.5,0.5,0.5,0.5],"pivot":[0.5,0.5],"text":"","key":null,"fontAsset":117581892,"fontSize":32,"minFontSize":8,"maxFontSize":32,"autoFitWidth":false,"autoFitHeight":false,"maxLines":null,"lineHeight":32,"wrapLines":true,"spacing":1,"color":[1,1,1],"opacity":1,"textureAsset":117581972,"spriteAsset":null,"spriteFrame":0,"pixelsPerUnit":null,"width":256,"height":256,"margin":[-128.269,383.682,-127.731,-639.682],"alignment":[0.5,0.5],"outlineColor":[0,0,0,1],"outlineThickness":0,"shadowColor":[0,0,0,1],"shadowOffset":[0,0],"rect":[0,0,1,1],"materialAsset":null,"autoWidth":false,"autoHeight":false,"fitMode":"stretch","useInput":false,"batchGroupId":null,"mask":false,"layers":[4],"enableMarkup":false}}},"52063cc2-398e-4540-97a1-cb2230bc9e33":{"name":"STAR3","tags":[],"enabled":false,"resource_id":"52063cc2-398e-4540-97a1-cb2230bc9e33","parent":"3842a179-0d97-483d-92c6-346d44bc9d8e","children":[],"position":[190.8380063024033,485.3884369552627,0.0000019073486328125],"rotation":[0,0,0],"scale":[1,1,1],"components":{"element":{"enabled":true,"type":"image","anchor":[0.5,0.5,0.5,0.5],"pivot":[0.5,0.5],"text":"","key":null,"fontAsset":117581892,"fontSize":32,"minFontSize":8,"maxFontSize":32,"autoFitWidth":false,"autoFitHeight":false,"maxLines":null,"lineHeight":32,"wrapLines":true,"spacing":1,"color":[1,1,1],"opacity":1,"textureAsset":117581972,"spriteAsset":null,"spriteFrame":0,"pixelsPerUnit":null,"width":256,"height":256,"margin":[62.838,357.388,-318.838,-613.388],"alignment":[0.5,0.5],"outlineColor":[0,0,0,1],"outlineThickness":0,"shadowColor":[0,0,0,1],"shadowOffset":[0,0],"rect":[0,0,1,1],"materialAsset":null,"autoWidth":false,"autoHeight":false,"fitMode":"stretch","useInput":false,"batchGroupId":null,"mask":false,"layers":[4],"enableMarkup":false}}},"30df13cf-e322-4ba0-a8dc-2c7ad30d5468":{"name":"previous_button","tags":[],"enabled":true,"resource_id":"30df13cf-e322-4ba0-a8dc-2c7ad30d5468","parent":"3842a179-0d97-483d-92c6-346d44bc9d8e","children":[],"position":[-124.9611794686711,235.05442810058594,0.0000019073486328125],"rotation":[0,0,180],"scale":[2.752,3.1869772703476165,3.815296945351177],"components":{"element":{"enabled":true,"type":"image","anchor":[0.5,0.5,0.5,0.5],"pivot":[0.5,0.5],"text":"NEXT","key":null,"fontAsset":117581892,"fontSize":20,"minFontSize":8,"maxFontSize":32,"autoFitWidth":false,"autoFitHeight":false,"maxLines":null,"lineHeight":32,"wrapLines":false,"spacing":1,"color":[0.8274509803921568,0.8509803921568627,0.9019607843137255],"opacity":1,"textureAsset":117581976,"spriteAsset":null,"spriteFrame":0,"pixelsPerUnit":null,"width":42,"height":42,"margin":[-145.961,214.054,103.961,-256.054],"alignment":[0.5,0.5],"outlineColor":[0.2823529411764706,0.30980392156862746,0.43137254901960786,1],"outlineThickness":0,"shadowColor":[0,0,0,1],"shadowOffset":[0,0],"rect":[0,0,1,1],"materialAsset":null,"autoWidth":false,"autoHeight":false,"fitMode":"stretch","useInput":true,"batchGroupId":null,"mask":false,"layers":[4],"enableMarkup":true},"button":{"enabled":true,"active":true,"imageEntity":null,"hitPadding":[0,0,0,0],"transitionMode":0,"hoverTint":[1,1,1,1],"pressedTint":[1,1,1,1],"inactiveTint":[1,1,1,1],"fadeDuration":0,"hoverSpriteAsset":null,"hoverSpriteFrame":0,"pressedSpriteAsset":null,"pressedSpriteFrame":0,"inactiveSpriteAsset":null,"inactiveSpriteFrame":0,"hoverTextureAsset":null,"pressedTextureAsset":null,"inactiveTextureAsset":null},"script":{"enabled":true,"order":["buttonClick"],"scripts":{"buttonClick":{"enabled":true,"attributes":{"initEvent":"previous_level_Event"}}}}}},"af59e132-be09-448b-a119-6ad9c348ed51":{"name":"next_border","tags":[],"enabled":true,"resource_id":"af59e132-be09-448b-a119-6ad9c348ed51","parent":"3842a179-0d97-483d-92c6-346d44bc9d8e","children":[],"position":[134.64713549161183,228.11997604370117,0.0000019073486328125],"rotation":[0,0,0],"scale":[2.882317788088529,3.2556275823391725,3.087359272655471],"components":{"element":{"enabled":true,"type":"image","anchor":[0.5,0.5,0.5,0.5],"pivot":[0.5,0.5],"text":"NEXT","key":null,"fontAsset":117581892,"fontSize":20,"minFontSize":8,"maxFontSize":32,"autoFitWidth":false,"autoFitHeight":false,"maxLines":null,"lineHeight":32,"wrapLines":false,"spacing":1,"color":[0.3058823529411765,0.34509803921568627,0.5411764705882353],"opacity":1,"textureAsset":117581976,"spriteAsset":null,"spriteFrame":0,"pixelsPerUnit":null,"width":46,"height":50,"margin":[111.647,203.12,-157.647,-253.12],"alignment":[0.5,0.5],"outlineColor":[0.2823529411764706,0.30980392156862746,0.43137254901960786,1],"outlineThickness":0,"shadowColor":[0,0,0,1],"shadowOffset":[0,0],"rect":[0,0,1,1],"materialAsset":null,"autoWidth":false,"autoHeight":false,"fitMode":"stretch","useInput":true,"batchGroupId":null,"mask":false,"layers":[4],"enableMarkup":true},"script":{"enabled":true,"order":[],"scripts":{}}}},"94452b6f-8591-4c5e-9d3d-ba30ddd38dc5":{"name":"previous_border","tags":[],"enabled":true,"resource_id":"94452b6f-8591-4c5e-9d3d-ba30ddd38dc5","parent":"3842a179-0d97-483d-92c6-346d44bc9d8e","children":[],"position":[-133.33825594222384,227.42641639709473,0.0000019073486328125],"rotation":[0,0,180],"scale":[2.882,3.1857916576406824,3.815296945351177],"components":{"element":{"enabled":true,"type":"image","anchor":[0.5,0.5,0.5,0.5],"pivot":[0.5,0.5],"text":"NEXT","key":null,"fontAsset":117581892,"fontSize":20,"minFontSize":8,"maxFontSize":32,"autoFitWidth":false,"autoFitHeight":false,"maxLines":null,"lineHeight":32,"wrapLines":false,"spacing":1,"color":[0.3058823529411765,0.34509803921568627,0.5411764705882353],"opacity":1,"textureAsset":117581976,"spriteAsset":null,"spriteFrame":0,"pixelsPerUnit":null,"width":46,"height":50,"margin":[-156.338,202.426,110.338,-252.426],"alignment":[0.5,0.5],"outlineColor":[0.2823529411764706,0.30980392156862746,0.43137254901960786,1],"outlineThickness":0,"shadowColor":[0,0,0,1],"shadowOffset":[0,0],"rect":[0,0,1,1],"materialAsset":null,"autoWidth":false,"autoHeight":false,"fitMode":"stretch","useInput":true,"batchGroupId":null,"mask":false,"layers":[4],"enableMarkup":true},"script":{"enabled":true,"order":[],"scripts":{}}}},"b6db92b7-e35c-4a75-bfc8-d47b0737fb4e":{"name":"restart_border","tags":[],"enabled":true,"resource_id":"b6db92b7-e35c-4a75-bfc8-d47b0737fb4e","parent":"3842a179-0d97-483d-92c6-346d44bc9d8e","children":[],"position":[1.9859951307598749,309.9409585692747,0.0000019073486328125],"rotation":[0,0,0],"scale":[3.820490181649847,3.5964603875397354,3],"components":{"element":{"enabled":true,"type":"image","anchor":[0.5,0.5,0.5,0.5],"pivot":[0.5,0.5],"text":"TRY AGAIN","key":null,"fontAsset":117581892,"fontSize":20,"minFontSize":8,"maxFontSize":32,"autoFitWidth":false,"autoFitHeight":false,"maxLines":null,"lineHeight":32,"wrapLines":false,"spacing":1,"color":[0.3058823529411765,0.34509803921568627,0.5411764705882353],"opacity":1,"textureAsset":117581974,"spriteAsset":null,"spriteFrame":0,"pixelsPerUnit":null,"width":32,"height":32,"margin":[-14.014,293.941,-17.986,-325.941],"alignment":[0.5,0.5],"outlineColor":[0.2823529411764706,0.30980392156862746,0.43137254901960786,1],"outlineThickness":0,"shadowColor":[0,0,0,1],"shadowOffset":[0,0],"rect":[0,0,1,1],"materialAsset":null,"autoWidth":false,"autoHeight":false,"fitMode":"stretch","useInput":true,"batchGroupId":null,"mask":false,"layers":[4],"enableMarkup":true},"script":{"enabled":true,"order":[],"scripts":{}}}},"752b5061-d821-4e07-92f1-6993544c9cb0":{"name":"UI START","tags":[],"enabled":true,"resource_id":"752b5061-d821-4e07-92f1-6993544c9cb0","parent":"e8ae4254-6751-11e5-bd2a-8438356164ca","children":["784e4b8d-ba8a-43bb-85c1-8510cfbb8f36","032232f5-21c6-47e9-8769-cebe2303d4aa","f88c027b-70c0-42d8-94a0-3ee639a7b815","de7ff6e5-eb59-42cf-b719-38ad4bba9ad6"],"position":[-0.7335952303262165,4.277299404144287,-7.734858989715576],"rotation":[0,0,0],"scale":[1,1,1],"components":{"screen":{"enabled":true,"screenSpace":true,"scaleMode":"blend","scaleBlend":0.5,"resolution":[1280,720],"referenceResolution":[1280,720],"priority":0}}},"784e4b8d-ba8a-43bb-85c1-8510cfbb8f36":{"name":"Background1","tags":[],"enabled":true,"resource_id":"784e4b8d-ba8a-43bb-85c1-8510cfbb8f36","parent":"752b5061-d821-4e07-92f1-6993544c9cb0","children":[],"position":[-0.000002133872840204276,319,0.0000019073486328125],"rotation":[0,0,0],"scale":[16.95291825094514,7.060669270479572,0],"components":{"element":{"enabled":true,"type":"image","anchor":[0.5,0.5,0.5,0.5],"pivot":[0.5,0.5],"text":"              ","key":null,"fontAsset":117581892,"fontSize":32,"minFontSize":8,"maxFontSize":32,"autoFitWidth":false,"autoFitHeight":false,"maxLines":null,"lineHeight":32,"wrapLines":false,"spacing":1,"color":[0.3058823529411765,0.34509803921568627,0.5411764705882353],"opacity":1,"textureAsset":null,"spriteAsset":null,"spriteFrame":0,"pixelsPerUnit":null,"width":32,"height":32,"margin":[-16,303,-16,-335],"alignment":[0.5,0.5],"outlineColor":[0,0,0,1],"outlineThickness":0,"shadowColor":[0,0,0,1],"shadowOffset":[0,0],"rect":[0,0,1,1],"materialAsset":null,"autoWidth":false,"autoHeight":false,"fitMode":"stretch","useInput":false,"batchGroupId":null,"mask":false,"layers":[4],"enableMarkup":false}}},"032232f5-21c6-47e9-8769-cebe2303d4aa":{"name":"Background2","tags":[],"enabled":true,"resource_id":"032232f5-21c6-47e9-8769-cebe2303d4aa","parent":"752b5061-d821-4e07-92f1-6993544c9cb0","children":[],"position":[0,319,0],"rotation":[0,0,0],"scale":[16.22288115821605,6.3800923953776,0],"components":{"element":{"enabled":true,"type":"image","anchor":[0.5,0.5,0.5,0.5],"pivot":[0.5,0.5],"text":"              ","key":null,"fontAsset":117581892,"fontSize":32,"minFontSize":8,"maxFontSize":32,"autoFitWidth":false,"autoFitHeight":false,"maxLines":null,"lineHeight":32,"wrapLines":false,"spacing":1,"color":[0.39215686274509803,0.4470588235294118,0.6941176470588235],"opacity":1,"textureAsset":null,"spriteAsset":null,"spriteFrame":0,"pixelsPerUnit":null,"width":32,"height":32,"margin":[-16,303,-16,-335],"alignment":[0.5,0.5],"outlineColor":[0,0,0,1],"outlineThickness":0,"shadowColor":[0,0,0,1],"shadowOffset":[0,0],"rect":[0,0,1,1],"materialAsset":null,"autoWidth":false,"autoHeight":false,"fitMode":"stretch","useInput":false,"batchGroupId":null,"mask":false,"layers":[4],"enableMarkup":false}}},"f88c027b-70c0-42d8-94a0-3ee639a7b815":{"name":"start_button","tags":[],"enabled":true,"resource_id":"f88c027b-70c0-42d8-94a0-3ee639a7b815","parent":"752b5061-d821-4e07-92f1-6993544c9cb0","children":[],"position":[3.3590002535938766,282.7831352247846,0.0000019073486328125],"rotation":[0,0,0],"scale":[3,3,3],"components":{"element":{"enabled":true,"type":"text","anchor":[0.5,0.5,0.5,0.5],"pivot":[0.5,0.5],"text":"START","key":null,"fontAsset":117581892,"fontSize":17,"minFontSize":8,"maxFontSize":32,"autoFitWidth":false,"autoFitHeight":false,"maxLines":null,"lineHeight":32,"wrapLines":false,"spacing":1,"color":[0.8274509803921568,0.8509803921568627,0.9019607843137255],"opacity":1,"textureAsset":null,"spriteAsset":null,"spriteFrame":0,"pixelsPerUnit":null,"width":94.32,"height":26.48,"margin":[-43.801,269.543,-50.519,-296.023],"alignment":[0.5,0.5],"outlineColor":[0.34509803921568627,0.3764705882352941,0.596078431372549,1],"outlineThickness":0.773,"shadowColor":[0,0,0,1],"shadowOffset":[0.037,0.025],"rect":[0,0,1,1],"materialAsset":null,"autoWidth":false,"autoHeight":false,"fitMode":"stretch","useInput":true,"batchGroupId":null,"mask":false,"layers":[4],"enableMarkup":true},"button":{"enabled":true,"active":true,"imageEntity":null,"hitPadding":[0,0,0,0],"transitionMode":0,"hoverTint":[1,1,1,1],"pressedTint":[1,1,1,1],"inactiveTint":[1,1,1,1],"fadeDuration":0,"hoverSpriteAsset":null,"hoverSpriteFrame":0,"pressedSpriteAsset":null,"pressedSpriteFrame":0,"inactiveSpriteAsset":null,"inactiveSpriteFrame":0,"hoverTextureAsset":null,"pressedTextureAsset":null,"inactiveTextureAsset":null},"script":{"enabled":true,"order":["buttonClick"],"scripts":{"buttonClick":{"enabled":true,"attributes":{"initEvent":"startEvent"}}}}}},"de7ff6e5-eb59-42cf-b719-38ad4bba9ad6":{"name":"title","tags":[],"enabled":true,"resource_id":"de7ff6e5-eb59-42cf-b719-38ad4bba9ad6","parent":"752b5061-d821-4e07-92f1-6993544c9cb0","children":[],"position":[2.2589963664167954,369.6774299670442,0.0000019073486328125],"rotation":[0,0,0],"scale":[3,3,3],"components":{"element":{"enabled":true,"type":"text","anchor":[0.5,0.5,0.5,0.5],"pivot":[0.5,0.5],"text":"AR Bloonshoot","key":null,"fontAsset":117581892,"fontSize":12,"minFontSize":8,"maxFontSize":32,"autoFitWidth":false,"autoFitHeight":false,"maxLines":null,"lineHeight":32,"wrapLines":false,"spacing":1,"color":[0.8274509803921568,0.8509803921568627,0.9019607843137255],"opacity":1,"textureAsset":null,"spriteAsset":null,"spriteFrame":0,"pixelsPerUnit":null,"width":156.33,"height":18.079999999999927,"margin":[-75.906,360.637,-80.424,-378.717],"alignment":[0.5,0.5],"outlineColor":[0.34509803921568627,0.3764705882352941,0.596078431372549,1],"outlineThickness":0.773,"shadowColor":[0,0,0,1],"shadowOffset":[0.037,0.025],"rect":[0,0,1,1],"materialAsset":null,"autoWidth":false,"autoHeight":false,"fitMode":"stretch","useInput":true,"batchGroupId":null,"mask":false,"layers":[4],"enableMarkup":true},"script":{"enabled":true,"order":[],"scripts":{}}}},"aec39afd-efdc-4115-9609-0dbf172df653":{"name":"UI MAIN","tags":[],"enabled":false,"resource_id":"aec39afd-efdc-4115-9609-0dbf172df653","parent":"e8ae4254-6751-11e5-bd2a-8438356164ca","children":["43970696-cc5a-4e9d-a7b8-ddf2e2585949","0a7819de-06a4-436a-bd0a-d1f46788754f","05c89eaf-e796-46f1-87f4-09593a27b71d","c10cf5bb-8658-432c-96bc-c873645f7613","46a5a11c-313b-45f3-b230-2b73b24bee12","261c1374-18de-4e8f-b23a-ef55a8ff63af","e9fc73e3-675b-4d40-9f44-a351a18f56e0"],"position":[-0.7409312129020691,4.319769859313965,-7.8122076988220215],"rotation":[0,0,0],"scale":[1,1,1],"components":{"screen":{"enabled":true,"screenSpace":true,"scaleMode":"blend","scaleBlend":0.5,"resolution":[1280,720],"referenceResolution":[1280,720],"priority":0}}},"43970696-cc5a-4e9d-a7b8-ddf2e2585949":{"name":"menu_button","tags":[],"enabled":true,"resource_id":"43970696-cc5a-4e9d-a7b8-ddf2e2585949","parent":"aec39afd-efdc-4115-9609-0dbf172df653","children":[],"position":[304.2477729117947,582.4229202270508,-0.0000057220458984375],"rotation":[0,0,0],"scale":[3,3,3.18],"components":{"element":{"enabled":true,"type":"text","anchor":[0.5,0.5,0.5,0.5],"pivot":[0.5,0.5],"text":":","key":null,"fontAsset":117581892,"fontSize":23,"minFontSize":8,"maxFontSize":32,"autoFitWidth":false,"autoFitHeight":false,"maxLines":null,"lineHeight":32,"wrapLines":false,"spacing":1,"color":[0.8274509803921568,0.8509803921568627,0.9019607843137255],"opacity":1,"textureAsset":null,"spriteAsset":null,"spriteFrame":0,"pixelsPerUnit":null,"width":28.54,"height":40.54,"margin":[289.978,562.153,-318.518,-602.693],"alignment":[0.5,0.5],"outlineColor":[0.34509803921568627,0.3764705882352941,0.596078431372549,1],"outlineThickness":0.773,"shadowColor":[0,0,0,1],"shadowOffset":[0.037,0.025],"rect":[0,0,1,1],"materialAsset":null,"autoWidth":false,"autoHeight":false,"fitMode":"stretch","useInput":true,"batchGroupId":null,"mask":false,"layers":[4],"enableMarkup":true},"button":{"enabled":true,"active":true,"imageEntity":null,"hitPadding":[0,0,0,0],"transitionMode":0,"hoverTint":[1,1,1,1],"pressedTint":[1,1,1,1],"inactiveTint":[1,1,1,1],"fadeDuration":0,"hoverSpriteAsset":null,"hoverSpriteFrame":0,"pressedSpriteAsset":null,"pressedSpriteFrame":0,"inactiveSpriteAsset":null,"inactiveSpriteFrame":0,"hoverTextureAsset":null,"pressedTextureAsset":null,"inactiveTextureAsset":null},"script":{"enabled":true,"order":["buttonClick","menuHandler"],"scripts":{"buttonClick":{"enabled":true,"attributes":{"initEvent":"menu_open_Event"}},"menuHandler":{"enabled":true,"attributes":{"menu_open_Event":"menu_open_Event","main_start_Event":"main_start_event"}}}}}},"0a7819de-06a4-436a-bd0a-d1f46788754f":{"name":"3rdDot","tags":[],"enabled":true,"resource_id":"0a7819de-06a4-436a-bd0a-d1f46788754f","parent":"aec39afd-efdc-4115-9609-0dbf172df653","children":[],"position":[304.2477729117947,564.8690185546875,-0.0000057220458984375],"rotation":[0,0,0],"scale":[3,3,3.18],"components":{"element":{"enabled":true,"type":"text","anchor":[0.5,0.5,0.5,0.5],"pivot":[0.5,0.5],"text":".","key":null,"fontAsset":117581892,"fontSize":23,"minFontSize":8,"maxFontSize":32,"autoFitWidth":false,"autoFitHeight":false,"maxLines":null,"lineHeight":32,"wrapLines":false,"spacing":1,"color":[0.8274509803921568,0.8509803921568627,0.9019607843137255],"opacity":1,"textureAsset":null,"spriteAsset":null,"spriteFrame":0,"pixelsPerUnit":null,"width":0,"height":0,"margin":[304.248,564.869,-304.248,-564.869],"alignment":[0.5,0.5],"outlineColor":[0.34509803921568627,0.3764705882352941,0.596078431372549,1],"outlineThickness":0.773,"shadowColor":[0,0,0,1],"shadowOffset":[0.037,0.025],"rect":[0,0,1,1],"materialAsset":null,"autoWidth":false,"autoHeight":false,"fitMode":"stretch","useInput":true,"batchGroupId":null,"mask":false,"layers":[4],"enableMarkup":true},"script":{"enabled":true,"order":[],"scripts":{}}}},"7df56404-edcc-4c37-b66b-d1313296ce15":{"name":"STAR BLANK 1","tags":[],"enabled":true,"resource_id":"7df56404-edcc-4c37-b66b-d1313296ce15","parent":"3842a179-0d97-483d-92c6-346d44bc9d8e","children":[],"position":[-191.287,484.953,0],"rotation":[0,0,0],"scale":[1,1,1],"components":{"element":{"enabled":true,"type":"image","anchor":[0.5,0.5,0.5,0.5],"pivot":[0.5,0.5],"text":"","key":null,"fontAsset":117581892,"fontSize":32,"minFontSize":8,"maxFontSize":32,"autoFitWidth":false,"autoFitHeight":false,"maxLines":null,"lineHeight":32,"wrapLines":true,"spacing":1,"color":[0,0,0],"opacity":0.3,"textureAsset":117581972,"spriteAsset":null,"spriteFrame":0,"pixelsPerUnit":null,"width":256,"height":256,"margin":[-319.287,356.953,63.287,-612.953],"alignment":[0.5,0.5],"outlineColor":[0,0,0,1],"outlineThickness":0,"shadowColor":[0,0,0,1],"shadowOffset":[0,0],"rect":[0,0,1,1],"materialAsset":null,"autoWidth":false,"autoHeight":false,"fitMode":"stretch","useInput":false,"batchGroupId":null,"mask":false,"layers":[4],"enableMarkup":false}}},"cd1a874f-cb96-4830-94b0-9bc6f1498706":{"name":"STAR BLANK 2","tags":[],"enabled":true,"resource_id":"cd1a874f-cb96-4830-94b0-9bc6f1498706","parent":"3842a179-0d97-483d-92c6-346d44bc9d8e","children":[],"position":[-0.269,511.682,0],"rotation":[0,0,0],"scale":[1,1,1],"components":{"element":{"enabled":true,"type":"image","anchor":[0.5,0.5,0.5,0.5],"pivot":[0.5,0.5],"text":"","key":null,"fontAsset":117581892,"fontSize":32,"minFontSize":8,"maxFontSize":32,"autoFitWidth":false,"autoFitHeight":false,"maxLines":null,"lineHeight":32,"wrapLines":true,"spacing":1,"color":[0,0,0],"opacity":0.3,"textureAsset":117581972,"spriteAsset":null,"spriteFrame":0,"pixelsPerUnit":null,"width":256,"height":256,"margin":[-128.269,383.682,-127.731,-639.682],"alignment":[0.5,0.5],"outlineColor":[0,0,0,1],"outlineThickness":0,"shadowColor":[0,0,0,1],"shadowOffset":[0,0],"rect":[0,0,1,1],"materialAsset":null,"autoWidth":false,"autoHeight":false,"fitMode":"stretch","useInput":false,"batchGroupId":null,"mask":false,"layers":[4],"enableMarkup":false}}},"c6a59db7-042c-44ee-95fa-bcddca668298":{"name":"STAR BLANK 3","tags":[],"enabled":true,"resource_id":"c6a59db7-042c-44ee-95fa-bcddca668298","parent":"3842a179-0d97-483d-92c6-346d44bc9d8e","children":[],"position":[190.838,485.388,0],"rotation":[0,0,0],"scale":[1,1,1],"components":{"element":{"enabled":true,"type":"image","anchor":[0.5,0.5,0.5,0.5],"pivot":[0.5,0.5],"text":"","key":null,"fontAsset":117581892,"fontSize":32,"minFontSize":8,"maxFontSize":32,"autoFitWidth":false,"autoFitHeight":false,"maxLines":null,"lineHeight":32,"wrapLines":true,"spacing":1,"color":[0,0,0],"opacity":0.3,"textureAsset":117581972,"spriteAsset":null,"spriteFrame":0,"pixelsPerUnit":null,"width":256,"height":256,"margin":[62.838,357.388,-318.838,-613.388],"alignment":[0.5,0.5],"outlineColor":[0,0,0,1],"outlineThickness":0,"shadowColor":[0,0,0,1],"shadowOffset":[0,0],"rect":[0,0,1,1],"materialAsset":null,"autoWidth":false,"autoHeight":false,"fitMode":"stretch","useInput":false,"batchGroupId":null,"mask":false,"layers":[4],"enableMarkup":false}}},"05c89eaf-e796-46f1-87f4-09593a27b71d":{"name":"powerUI_border","tags":[],"enabled":true,"resource_id":"05c89eaf-e796-46f1-87f4-09593a27b71d","parent":"aec39afd-efdc-4115-9609-0dbf172df653","children":[],"position":[-263.005,-491.252,0],"rotation":[0,0,0],"scale":[1,1,1],"components":{"element":{"enabled":true,"type":"image","anchor":[0.5,0.5,0.5,0.5],"pivot":[0.5,0.5],"text":"","key":null,"fontAsset":117581892,"fontSize":32,"minFontSize":8,"maxFontSize":32,"autoFitWidth":false,"autoFitHeight":false,"maxLines":null,"lineHeight":32,"wrapLines":true,"spacing":1,"color":[0.8549019607843137,0.8862745098039215,1],"opacity":1,"textureAsset":117581985,"spriteAsset":null,"spriteFrame":0,"pixelsPerUnit":null,"width":128,"height":256,"margin":[-327.005,-619.252,199.005,363.252],"alignment":[0.5,0.5],"outlineColor":[0,0,0,1],"outlineThickness":0,"shadowColor":[0,0,0,1],"shadowOffset":[0,0],"rect":[0,0,1,1],"materialAsset":null,"autoWidth":false,"autoHeight":false,"fitMode":"stretch","useInput":false,"batchGroupId":null,"mask":false,"layers":[4],"enableMarkup":false}}},"c10cf5bb-8658-432c-96bc-c873645f7613":{"name":"powerUI_fill","tags":[],"enabled":true,"resource_id":"c10cf5bb-8658-432c-96bc-c873645f7613","parent":"aec39afd-efdc-4115-9609-0dbf172df653","children":[],"position":[-263.005,-491.252,0],"rotation":[0,0,0],"scale":[1,1,1],"components":{"element":{"enabled":true,"type":"image","anchor":[0.5,0.5,0.5,0.5],"pivot":[0.5,0.5],"text":"","key":null,"fontAsset":117581892,"fontSize":32,"minFontSize":8,"maxFontSize":32,"autoFitWidth":false,"autoFitHeight":false,"maxLines":null,"lineHeight":32,"wrapLines":true,"spacing":1,"color":[0.8549019607843137,0.8862745098039215,1],"opacity":1,"textureAsset":117581984,"spriteAsset":null,"spriteFrame":0,"pixelsPerUnit":null,"width":128,"height":256,"margin":[-327.005,-619.252,199.005,363.252],"alignment":[0.5,0.5],"outlineColor":[0,0,0,1],"outlineThickness":0,"shadowColor":[0,0,0,1],"shadowOffset":[0,0],"rect":[0,0,1,1],"materialAsset":null,"autoWidth":false,"autoHeight":false,"fitMode":"stretch","useInput":false,"batchGroupId":null,"mask":false,"layers":[4],"enableMarkup":false}}},"89ec53f8-023c-4e58-b59a-73faa7616688":{"name":"powerUI_cover","tags":[],"enabled":true,"resource_id":"89ec53f8-023c-4e58-b59a-73faa7616688","parent":"46a5a11c-313b-45f3-b230-2b73b24bee12","children":[],"position":[-0.32999323701733374,3.338925468631551,0.020975112915039062],"rotation":[0,0,0],"scale":[0.57,1.0022727237949944,1],"components":{"element":{"enabled":true,"type":"image","anchor":[0.5,0.5,0.5,0.5],"pivot":[0.5,0.5],"text":"","key":null,"fontAsset":117581892,"fontSize":32,"minFontSize":8,"maxFontSize":32,"autoFitWidth":false,"autoFitHeight":false,"maxLines":null,"lineHeight":32,"wrapLines":true,"spacing":1,"color":[0.7607843137254902,0.807843137254902,0.984313725490196],"opacity":1,"textureAsset":null,"spriteAsset":null,"spriteFrame":0,"pixelsPerUnit":null,"width":128,"height":256,"margin":[-64.33,-124.661,-63.67,-131.339],"alignment":[0.5,0.5],"outlineColor":[0,0,0,1],"outlineThickness":0,"shadowColor":[0,0,0,1],"shadowOffset":[0,0],"rect":[0,0,1,1],"materialAsset":null,"autoWidth":false,"autoHeight":false,"fitMode":"stretch","useInput":false,"batchGroupId":null,"mask":false,"layers":[4],"enableMarkup":false}}},"46a5a11c-313b-45f3-b230-2b73b24bee12":{"name":"powerUI_mask","tags":[],"enabled":true,"resource_id":"46a5a11c-313b-45f3-b230-2b73b24bee12","parent":"aec39afd-efdc-4115-9609-0dbf172df653","children":["89ec53f8-023c-4e58-b59a-73faa7616688"],"position":[-263.00501817293116,-489.4749786432343,-0.0000057220458984375],"rotation":[0,0,0],"scale":[1,0.9505253577740993,1],"components":{"element":{"enabled":true,"type":"image","anchor":[0.5,0.5,0.5,0.5],"pivot":[0.5,0.5],"text":"","key":null,"fontAsset":117581892,"fontSize":32,"minFontSize":8,"maxFontSize":32,"autoFitWidth":false,"autoFitHeight":false,"maxLines":null,"lineHeight":32,"wrapLines":true,"spacing":1,"color":[1,1,1],"opacity":1,"textureAsset":null,"spriteAsset":null,"spriteFrame":0,"pixelsPerUnit":null,"width":128,"height":256,"margin":[-327.005,-617.475,199.005,361.475],"alignment":[0.5,0.5],"outlineColor":[0,0,0,1],"outlineThickness":0,"shadowColor":[0,0,0,1],"shadowOffset":[0,0],"rect":[0,0,1,1],"materialAsset":null,"autoWidth":false,"autoHeight":false,"fitMode":"stretch","useInput":false,"batchGroupId":null,"mask":true,"layers":[4],"enableMarkup":false}}},"fb22cffb-8311-4c36-aaef-ac2506bb520c":{"name":"UI ERROR","tags":[],"enabled":false,"resource_id":"fb22cffb-8311-4c36-aaef-ac2506bb520c","parent":"e8ae4254-6751-11e5-bd2a-8438356164ca","children":["da8a4a2a-4955-4362-a1b9-42c0807e972f","ce52f0f7-b31c-4d70-a2a0-ebd98abf04aa","74f2c78d-d25b-451b-a8e0-c90764f042ad","ac685588-098c-4fe4-9786-c52462ed2472"],"position":[-0.7335952520370483,4.277299404144287,-7.734858989715576],"rotation":[0,0,0],"scale":[1,1,1],"components":{"screen":{"enabled":true,"screenSpace":true,"scaleMode":"blend","scaleBlend":0.5,"resolution":[1280,720],"referenceResolution":[1280,720],"priority":0}}},"da8a4a2a-4955-4362-a1b9-42c0807e972f":{"name":"Background1","tags":[],"enabled":true,"resource_id":"da8a4a2a-4955-4362-a1b9-42c0807e972f","parent":"fb22cffb-8311-4c36-aaef-ac2506bb520c","children":[],"position":[-0.000002133872840204276,319,0.0000019073486328125],"rotation":[0,0,0],"scale":[18.085577149390115,7.768308779145222,0],"components":{"element":{"enabled":true,"type":"image","anchor":[0.5,0.5,0.5,0.5],"pivot":[0.5,0.5],"text":"              ","key":null,"fontAsset":117581892,"fontSize":32,"minFontSize":8,"maxFontSize":32,"autoFitWidth":false,"autoFitHeight":false,"maxLines":null,"lineHeight":32,"wrapLines":false,"spacing":1,"color":[0.3058823529411765,0.34509803921568627,0.5411764705882353],"opacity":1,"textureAsset":null,"spriteAsset":null,"spriteFrame":0,"pixelsPerUnit":null,"width":32,"height":32,"margin":[-16,303,-16,-335],"alignment":[0.5,0.5],"outlineColor":[0,0,0,1],"outlineThickness":0,"shadowColor":[0,0,0,1],"shadowOffset":[0,0],"rect":[0,0,1,1],"materialAsset":null,"autoWidth":false,"autoHeight":false,"fitMode":"stretch","useInput":false,"batchGroupId":null,"mask":false,"layers":[4],"enableMarkup":false}}},"ce52f0f7-b31c-4d70-a2a0-ebd98abf04aa":{"name":"Background2","tags":[],"enabled":true,"resource_id":"ce52f0f7-b31c-4d70-a2a0-ebd98abf04aa","parent":"fb22cffb-8311-4c36-aaef-ac2506bb520c","children":[],"position":[0,319,0],"rotation":[0,0,0],"scale":[17.30676479584549,7.019522635621685,0],"components":{"element":{"enabled":true,"type":"image","anchor":[0.5,0.5,0.5,0.5],"pivot":[0.5,0.5],"text":"              ","key":null,"fontAsset":117581892,"fontSize":32,"minFontSize":8,"maxFontSize":32,"autoFitWidth":false,"autoFitHeight":false,"maxLines":null,"lineHeight":32,"wrapLines":false,"spacing":1,"color":[0.39215686274509803,0.4470588235294118,0.6941176470588235],"opacity":1,"textureAsset":null,"spriteAsset":null,"spriteFrame":0,"pixelsPerUnit":null,"width":32,"height":32,"margin":[-16,303,-16,-335],"alignment":[0.5,0.5],"outlineColor":[0,0,0,1],"outlineThickness":0,"shadowColor":[0,0,0,1],"shadowOffset":[0,0],"rect":[0,0,1,1],"materialAsset":null,"autoWidth":false,"autoHeight":false,"fitMode":"stretch","useInput":false,"batchGroupId":null,"mask":false,"layers":[4],"enableMarkup":false}}},"74f2c78d-d25b-451b-a8e0-c90764f042ad":{"name":"start_button 2","tags":[],"enabled":true,"resource_id":"74f2c78d-d25b-451b-a8e0-c90764f042ad","parent":"fb22cffb-8311-4c36-aaef-ac2506bb520c","children":[],"position":[3.3590002535938766,240.18513738976299,0.0000019073486328125],"rotation":[0,0,0],"scale":[3,3,3],"components":{"element":{"enabled":true,"type":"text","anchor":[0.5,0.5,0.5,0.5],"pivot":[0.5,0.5],"text":"START","key":null,"fontAsset":117581892,"fontSize":17,"minFontSize":8,"maxFontSize":32,"autoFitWidth":false,"autoFitHeight":false,"maxLines":null,"lineHeight":32,"wrapLines":false,"spacing":1,"color":[0.8274509803921568,0.8509803921568627,0.9019607843137255],"opacity":1,"textureAsset":null,"spriteAsset":null,"spriteFrame":0,"pixelsPerUnit":null,"width":94.32,"height":26.48,"margin":[-43.801,226.945,-50.519,-253.425],"alignment":[0.5,0.5],"outlineColor":[0.34509803921568627,0.3764705882352941,0.596078431372549,1],"outlineThickness":0.773,"shadowColor":[0,0,0,1],"shadowOffset":[0.037,0.025],"rect":[0,0,1,1],"materialAsset":null,"autoWidth":false,"autoHeight":false,"fitMode":"stretch","useInput":true,"batchGroupId":null,"mask":false,"layers":[4],"enableMarkup":true},"button":{"enabled":true,"active":true,"imageEntity":null,"hitPadding":[0,0,0,0],"transitionMode":0,"hoverTint":[1,1,1,1],"pressedTint":[1,1,1,1],"inactiveTint":[1,1,1,1],"fadeDuration":0,"hoverSpriteAsset":null,"hoverSpriteFrame":0,"pressedSpriteAsset":null,"pressedSpriteFrame":0,"inactiveSpriteAsset":null,"inactiveSpriteFrame":0,"hoverTextureAsset":null,"pressedTextureAsset":null,"inactiveTextureAsset":null},"script":{"enabled":true,"order":["buttonClick"],"scripts":{"buttonClick":{"enabled":true,"attributes":{"initEvent":"startEvent"}}}}}},"ac685588-098c-4fe4-9786-c52462ed2472":{"name":"Error-msg","tags":[],"enabled":true,"resource_id":"ac685588-098c-4fe4-9786-c52462ed2472","parent":"fb22cffb-8311-4c36-aaef-ac2506bb520c","children":[],"position":[2.2589963664167954,353.9009324904275,0.0000019073486328125],"rotation":[0,0,0],"scale":[3,3,3],"components":{"element":{"enabled":true,"type":"text","anchor":[0.5,0.5,0.5,0.5],"pivot":[0.5,0.5],"text":"ERROR \nPlease activate \ncamera in browser\nsite settings","key":null,"fontAsset":117581892,"fontSize":9.75,"minFontSize":8,"maxFontSize":32,"autoFitWidth":false,"autoFitHeight":false,"maxLines":null,"lineHeight":10.67,"wrapLines":false,"spacing":1,"color":[0.8274509803921568,0.8509803921568627,0.9019607843137255],"opacity":1,"textureAsset":null,"spriteAsset":null,"spriteFrame":0,"pixelsPerUnit":null,"width":156.33,"height":18.079999999999927,"margin":[-75.906,344.861,-80.424,-362.941],"alignment":[0.5,0.5],"outlineColor":[0.34509803921568627,0.3764705882352941,0.596078431372549,1],"outlineThickness":0.773,"shadowColor":[0,0,0,1],"shadowOffset":[0.037,0.025],"rect":[0,0,1,1],"materialAsset":null,"autoWidth":false,"autoHeight":false,"fitMode":"stretch","useInput":true,"batchGroupId":null,"mask":false,"layers":[4],"enableMarkup":true},"script":{"enabled":true,"order":[],"scripts":{}}}},"261c1374-18de-4e8f-b23a-ef55a8ff63af":{"name":"pinImage","tags":[],"enabled":true,"resource_id":"261c1374-18de-4e8f-b23a-ef55a8ff63af","parent":"aec39afd-efdc-4115-9609-0dbf172df653","children":["27883534-348f-4deb-a312-fdf2a82d190c"],"position":[294.78367007886516,-491.1950030326843,-0.0000057220458984375],"rotation":[0,0,0],"scale":[0.5877794022985641,0.5877794022985641,0.5877794022985641],"components":{"element":{"enabled":true,"type":"image","anchor":[0.5,0.5,0.5,0.5],"pivot":[0.5,0.5],"text":"","key":null,"fontAsset":117581892,"fontSize":32,"minFontSize":8,"maxFontSize":32,"autoFitWidth":false,"autoFitHeight":false,"maxLines":null,"lineHeight":32,"wrapLines":true,"spacing":1,"color":[1,1,1],"opacity":1,"textureAsset":117581986,"spriteAsset":null,"spriteFrame":0,"pixelsPerUnit":null,"width":170,"height":297,"margin":[209.784,-639.695,-379.784,342.695],"alignment":[0.5,0.5],"outlineColor":[0,0,0,1],"outlineThickness":0,"shadowColor":[0,0,0,1],"shadowOffset":[0,0],"rect":[0,0,1,1],"materialAsset":null,"autoWidth":false,"autoHeight":false,"fitMode":"stretch","useInput":false,"batchGroupId":null,"mask":false,"layers":[4],"enableMarkup":false}}},"e9fc73e3-675b-4d40-9f44-a351a18f56e0":{"name":"balloonImage","tags":[],"enabled":true,"resource_id":"e9fc73e3-675b-4d40-9f44-a351a18f56e0","parent":"aec39afd-efdc-4115-9609-0dbf172df653","children":["de02513c-0bab-473e-b124-c5f9409236d2"],"position":[196.0798643348931,-502.36599230766296,-0.0000057220458984375],"rotation":[0,0,0],"scale":[0.4539052447451519,0.4539052447451519,0.4539052447451519],"components":{"element":{"enabled":true,"type":"image","anchor":[0.5,0.5,0.5,0.5],"pivot":[0.5,0.5],"text":"","key":null,"fontAsset":117581892,"fontSize":32,"minFontSize":8,"maxFontSize":32,"autoFitWidth":false,"autoFitHeight":false,"maxLines":null,"lineHeight":32,"wrapLines":true,"spacing":1,"color":[1,1,1],"opacity":1,"textureAsset":117581987,"spriteAsset":null,"spriteFrame":0,"pixelsPerUnit":null,"width":301,"height":318,"margin":[45.58,-661.366,-346.58,343.366],"alignment":[0.5,0.5],"outlineColor":[0,0,0,1],"outlineThickness":0,"shadowColor":[0,0,0,1],"shadowOffset":[0,0],"rect":[0,0,1,1],"materialAsset":null,"autoWidth":false,"autoHeight":false,"fitMode":"stretch","useInput":false,"batchGroupId":null,"mask":false,"layers":[4],"enableMarkup":false}}},"f8f1b20c-5481-4555-9e7d-bd9ebe733d6a":{"name":"UI TUTORIAL","tags":[],"enabled":false,"resource_id":"f8f1b20c-5481-4555-9e7d-bd9ebe733d6a","parent":"e8ae4254-6751-11e5-bd2a-8438356164ca","children":["c60e8a37-f81c-4e17-aa80-0aaa948698f7","e08ae528-4ffd-459f-a008-792409ad70bd","51b3dc1c-b5ce-4205-8f97-0d69493ac828","6cca0883-dfbf-46a1-8b77-09872e2a3d4f","63fb8148-7c13-4875-80df-0430f695d81a"],"position":[-0.7335952303262165,4.277299404144287,-7.734858989715576],"rotation":[0,0,0],"scale":[1,1,1],"components":{"screen":{"enabled":true,"screenSpace":true,"scaleMode":"blend","scaleBlend":0.5,"resolution":[1280,720],"referenceResolution":[1280,720],"priority":0}}},"c60e8a37-f81c-4e17-aa80-0aaa948698f7":{"name":"Background1","tags":[],"enabled":true,"resource_id":"c60e8a37-f81c-4e17-aa80-0aaa948698f7","parent":"f8f1b20c-5481-4555-9e7d-bd9ebe733d6a","children":[],"position":[-0.000002133872840204276,29.1867204145953,0.0000019073486328125],"rotation":[0,0,0],"scale":[19.333,35.277982725358825,0],"components":{"element":{"enabled":true,"type":"image","anchor":[0.5,0.5,0.5,0.5],"pivot":[0.5,0.5],"text":"              ","key":null,"fontAsset":117581892,"fontSize":32,"minFontSize":8,"maxFontSize":32,"autoFitWidth":false,"autoFitHeight":false,"maxLines":null,"lineHeight":32,"wrapLines":false,"spacing":1,"color":[0.3058823529411765,0.34509803921568627,0.5411764705882353],"opacity":1,"textureAsset":null,"spriteAsset":null,"spriteFrame":0,"pixelsPerUnit":null,"width":32,"height":32,"margin":[-16,13.187,-16,-45.187],"alignment":[0.5,0.5],"outlineColor":[0,0,0,1],"outlineThickness":0,"shadowColor":[0,0,0,1],"shadowOffset":[0,0],"rect":[0,0,1,1],"materialAsset":null,"autoWidth":false,"autoHeight":false,"fitMode":"stretch","useInput":false,"batchGroupId":null,"mask":false,"layers":[4],"enableMarkup":false}}},"e08ae528-4ffd-459f-a008-792409ad70bd":{"name":"Background2","tags":[],"enabled":true,"resource_id":"e08ae528-4ffd-459f-a008-792409ad70bd","parent":"f8f1b20c-5481-4555-9e7d-bd9ebe733d6a","children":[],"position":[-0.000002133872840204276,30.256,0.0000019073486328125],"rotation":[0,0,0],"scale":[18.623,34.609,0],"components":{"element":{"enabled":true,"type":"image","anchor":[0.5,0.5,0.5,0.5],"pivot":[0.5,0.5],"text":"              ","key":null,"fontAsset":117581892,"fontSize":32,"minFontSize":8,"maxFontSize":32,"autoFitWidth":false,"autoFitHeight":false,"maxLines":null,"lineHeight":32,"wrapLines":false,"spacing":1,"color":[0.39215686274509803,0.4470588235294118,0.6941176470588235],"opacity":1,"textureAsset":null,"spriteAsset":null,"spriteFrame":0,"pixelsPerUnit":null,"width":32,"height":32,"margin":[-16,14.256,-16,-46.256],"alignment":[0.5,0.5],"outlineColor":[0,0,0,1],"outlineThickness":0,"shadowColor":[0,0,0,1],"shadowOffset":[0,0],"rect":[0,0,1,1],"materialAsset":null,"autoWidth":false,"autoHeight":false,"fitMode":"stretch","useInput":false,"batchGroupId":null,"mask":false,"layers":[4],"enableMarkup":false}}},"51b3dc1c-b5ce-4205-8f97-0d69493ac828":{"name":"ok_button","tags":[],"enabled":true,"resource_id":"51b3dc1c-b5ce-4205-8f97-0d69493ac828","parent":"f8f1b20c-5481-4555-9e7d-bd9ebe733d6a","children":[],"position":[3.3590002535938766,-468.65256142134615,0.0000019073486328125],"rotation":[0,0,0],"scale":[3,3,3],"components":{"element":{"enabled":true,"type":"text","anchor":[0.5,0.5,0.5,0.5],"pivot":[0.5,0.5],"text":"OKAY","key":null,"fontAsset":117581892,"fontSize":20,"minFontSize":8,"maxFontSize":32,"autoFitWidth":false,"autoFitHeight":false,"maxLines":null,"lineHeight":32,"wrapLines":false,"spacing":1,"color":[0.8274509803921568,0.8509803921568627,0.9019607843137255],"opacity":1,"textureAsset":null,"spriteAsset":null,"spriteFrame":0,"pixelsPerUnit":null,"width":94.32,"height":26.48,"margin":[-43.801,-481.893,-50.519,455.413],"alignment":[0.5,0.5],"outlineColor":[0.34509803921568627,0.3764705882352941,0.596078431372549,1],"outlineThickness":0.773,"shadowColor":[0,0,0,1],"shadowOffset":[0.037,0.025],"rect":[0,0,1,1],"materialAsset":null,"autoWidth":false,"autoHeight":false,"fitMode":"stretch","useInput":true,"batchGroupId":null,"mask":false,"layers":[4],"enableMarkup":true},"button":{"enabled":true,"active":true,"imageEntity":null,"hitPadding":[0,0,0,0],"transitionMode":0,"hoverTint":[1,1,1,1],"pressedTint":[1,1,1,1],"inactiveTint":[1,1,1,1],"fadeDuration":0,"hoverSpriteAsset":null,"hoverSpriteFrame":0,"pressedSpriteAsset":null,"pressedSpriteFrame":0,"inactiveSpriteAsset":null,"inactiveSpriteFrame":0,"hoverTextureAsset":null,"pressedTextureAsset":null,"inactiveTextureAsset":null},"script":{"enabled":true,"order":["buttonClick","mainStartHandler"],"scripts":{"buttonClick":{"enabled":true,"attributes":{"initEvent":"main_start_Event"}},"mainStartHandler":{"enabled":true,"attributes":{"main_start_Event":"main_start_Event"}}}}}},"6cca0883-dfbf-46a1-8b77-09872e2a3d4f":{"name":"title","tags":[],"enabled":true,"resource_id":"6cca0883-dfbf-46a1-8b77-09872e2a3d4f","parent":"f8f1b20c-5481-4555-9e7d-bd9ebe733d6a","children":[],"position":[2.2589963664167954,523.6558223974823,0.0000019073486328125],"rotation":[0,0,0],"scale":[3,3,3],"components":{"element":{"enabled":true,"type":"text","anchor":[0.5,0.5,0.5,0.5],"pivot":[0.5,0.5],"text":"AR Bloonshoot","key":null,"fontAsset":117581892,"fontSize":14,"minFontSize":8,"maxFontSize":32,"autoFitWidth":false,"autoFitHeight":false,"maxLines":null,"lineHeight":32,"wrapLines":false,"spacing":1,"color":[0.8274509803921568,0.8509803921568627,0.9019607843137255],"opacity":1,"textureAsset":null,"spriteAsset":null,"spriteFrame":0,"pixelsPerUnit":null,"width":156.33,"height":18.079999999999927,"margin":[-75.906,514.616,-80.424,-532.696],"alignment":[0.5,0.5],"outlineColor":[0.34509803921568627,0.3764705882352941,0.596078431372549,1],"outlineThickness":0.773,"shadowColor":[0,0,0,1],"shadowOffset":[0.037,0.025],"rect":[0,0,1,1],"materialAsset":null,"autoWidth":false,"autoHeight":false,"fitMode":"stretch","useInput":true,"batchGroupId":null,"mask":false,"layers":[4],"enableMarkup":true},"script":{"enabled":true,"order":[],"scripts":{}}}},"63fb8148-7c13-4875-80df-0430f695d81a":{"name":"text","tags":[],"enabled":true,"resource_id":"63fb8148-7c13-4875-80df-0430f695d81a","parent":"f8f1b20c-5481-4555-9e7d-bd9ebe733d6a","children":[],"position":[2.2589963664167954,35.93891615819422,0.0000019073486328125],"rotation":[0,0,0],"scale":[3,3,3],"components":{"element":{"enabled":true,"type":"text","anchor":[0.5,0.5,0.5,0.5],"pivot":[0.5,0.5],"text":"Pull down the pin as\nif you were using a\nSlingshot.\nTilt your phone up or\ndown to influence your\nshot.\nLook around and even\nbehind you to find\nballoons.\n\nThere are 5 Levels\nwhich can be accessed\nthrough the menu in\nthe top right.\n\nIn the bottom left you\ncan see the number of\nballoons hit and pins\navailable.","key":null,"fontAsset":117581892,"fontSize":8,"minFontSize":8,"maxFontSize":32,"autoFitWidth":false,"autoFitHeight":false,"maxLines":null,"lineHeight":14.86,"wrapLines":false,"spacing":1,"color":[0.8274509803921568,0.8509803921568627,0.9019607843137255],"opacity":1,"textureAsset":null,"spriteAsset":null,"spriteFrame":0,"pixelsPerUnit":null,"width":156.33,"height":18.079999999999927,"margin":[-75.906,26.899,-80.424,-44.979],"alignment":[0.5,0.5],"outlineColor":[0.34509803921568627,0.3764705882352941,0.596078431372549,1],"outlineThickness":0.773,"shadowColor":[0,0,0,1],"shadowOffset":[0.037,0.025],"rect":[0,0,1,1],"materialAsset":null,"autoWidth":false,"autoHeight":false,"fitMode":"stretch","useInput":true,"batchGroupId":null,"mask":false,"layers":[4],"enableMarkup":true},"script":{"enabled":true,"order":[],"scripts":{}}}}},"checkpoint_id":"7282031f-8895-4a2d-865c-b3f02f9f7914","branch_id":"ee83a678-4308-4f77-be7e-5d52c977566f","id":1634923}